{"stats":{"minecraft:dropped":{"minecraft:writable_book":17},"minecraft:used":{"minecraft:redstone_torch":24,"minecraft:sticky_piston":29,"minecraft:glass":18,"minecraft:piston":18,"minecraft:lever":63,"minecraft:water_bucket":2,"minecraft:writable_book":15,"minecraft:flint_and_steel":14,"minecraft:command_block":53,"minecraft:grass_block":17,"minecraft:slime_block":77,"minecraft:powered_rail":12,"minecraft:redstone":94,"minecraft:stone_button":4,"minecraft:oak_sign":10,"minecraft:chest":9,"minecraft:redstone_block":3,"minecraft:smooth_quartz":410,"minecraft:spruce_fence_gate":1,"minecraft:structure_block":5,"minecraft:white_wool":1,"minecraft:repeater":49,"minecraft:redstone_lamp":40,"minecraft:red_stained_glass_pane":6,"minecraft:rail":10,"minecraft:bow":16,"minecraft:comparator":8,"minecraft:white_carpet":9,"minecraft:cyan_glazed_terracotta":4,"minecraft:crafting_table":4,"minecraft:hopper":11,"minecraft:oak_sapling":53,"minecraft:minecart":10,"minecraft:bucket":2,"minecraft:gold_block":1,"minecraft:note_block":17,"minecraft:stone_pressure_plate":2,"minecraft:observer":59,"minecraft:bone_meal":75,"minecraft:obsidian":10,"minecraft:lime_glazed_terracotta":1},"minecraft:picked_up":{"minecraft:leather":2,"minecraft:porkchop":6,"minecraft:stone_button":2,"minecraft:redstone":98,"minecraft:white_carpet":1,"minecraft:oak_sign":1,"minecraft:lever":2,"minecraft:beef":10,"minecraft:redstone_torch":4,"minecraft:powered_rail":23,"minecraft:mutton":2,"minecraft:rail":32,"minecraft:white_wool":1},"minecraft:custom":{"minecraft:time_since_rest":73395,"minecraft:sprint_one_cm":12628,"minecraft:damage_taken":460,"minecraft:walk_one_cm":350250,"minecraft:mob_kills":6,"minecraft:drop":17,"minecraft:inspect_hopper":17,"minecraft:damage_dealt":64,"minecraft:tune_noteblock":125,"minecraft:fly_one_cm":374463,"minecraft:open_chest":32,"minecraft:crouch_one_cm":531,"minecraft:play_one_minute":130386,"minecraft:deaths":7,"minecraft:sneak_time":880,"minecraft:jump":913,"minecraft:leave_game":11,"minecraft:walk_on_water_one_cm":26,"minecraft:time_since_death":73368,"minecraft:fall_one_cm":4808}},"DataVersion":2580}