{"stats":{"minecraft:used":{"minecraft:water_bucket":2,"minecraft:shroomlight":1,"minecraft:lever":7,"minecraft:sea_lantern":504,"minecraft:firework_rocket":159,"minecraft:command_block":156,"minecraft:lantern":1,"minecraft:stone_button":135,"minecraft:redstone":592,"minecraft:oak_sign":2,"minecraft:cyan_concrete":5,"minecraft:structure_block":612,"minecraft:soul_lantern":1,"minecraft:glowstone":32,"minecraft:repeater":63,"minecraft:cyan_glazed_terracotta":20,"minecraft:crafting_table":2,"minecraft:twisting_vines":1,"minecraft:mossy_stone_brick_wall":2,"minecraft:cyan_stained_glass":1},"minecraft:picked_up":{"minecraft:orange_dye":64,"minecraft:purple_dye":122,"minecraft:crafting_table":1,"minecraft:firework_star":65,"minecraft:repeater":13,"minecraft:structure_block":2,"minecraft:yellow_dye":124,"minecraft:gray_dye":64,"minecraft:white_dye":64,"minecraft:magenta_dye":64,"minecraft:light_gray_dye":64,"minecraft:stone_button":1,"minecraft:gunpowder":64,"minecraft:redstone":4,"minecraft:brown_dye":64,"minecraft:lapis_lazuli":64,"minecraft:sea_lantern":2,"minecraft:black_dye":64,"minecraft:lime_dye":64,"minecraft:light_blue_dye":64,"minecraft:blue_dye":64,"minecraft:red_dye":64,"minecraft:bone_meal":64,"minecraft:cyan_dye":64,"minecraft:cod":1,"minecraft:pink_dye":64,"minecraft:green_dye":64},"minecraft:dropped":{"minecraft:firework_star":2,"minecraft:light_blue_dye":64,"minecraft:sea_lantern":2,"minecraft:black_dye":64,"minecraft:blue_dye":64,"minecraft:brown_dye":64,"minecraft:gunpowder":64,"minecraft:orange_dye":64,"minecraft:lapis_lazuli":64,"minecraft:yellow_dye":64,"minecraft:green_dye":64,"minecraft:repeater":1,"minecraft:crafting_table":1,"minecraft:pink_dye":64,"minecraft:cyan_dye":64,"minecraft:light_gray_dye":64,"minecraft:bone_meal":64,"minecraft:white_dye":64,"minecraft:structure_block":2,"minecraft:lime_dye":64,"minecraft:red_dye":64,"minecraft:magenta_dye":64,"minecraft:purple_dye":64,"minecraft:gray_dye":64,"minecraft:redstone":4},"minecraft:crafted":{"minecraft:firework_star":10,"minecraft:firework_rocket":9},"minecraft:custom":{"minecraft:time_since_rest":582918,"minecraft:sprint_one_cm":56193,"minecraft:walk_one_cm":253597,"minecraft:drop":31,"minecraft:damage_dealt":10,"minecraft:interact_with_crafting_table":26,"minecraft:fly_one_cm":3213633,"minecraft:play_one_minute":582918,"minecraft:crouch_one_cm":513,"minecraft:sneak_time":5416,"minecraft:walk_under_water_one_cm":171401,"minecraft:jump":1072,"minecraft:leave_game":71,"minecraft:time_since_death":582918,"minecraft:walk_on_water_one_cm":346775}},"DataVersion":2580}