{
	"credit": "Made with Blockbench",
	"parent": "item/generated",
	"textures": {
		"layer0": "bows/drataliornus"
	},
	"display": {
		"thirdperson_righthand": {
			"rotation": [-90, 90, -90],
			"translation": [0, -1.25, 2],
			"scale": [3, 3, 1.5]
		},
		"thirdperson_lefthand": {
			"rotation": [-90, -90, 90],
			"translation": [0, -1.25, 2],
			"scale": [3, 3, 1.5]
		},
		"firstperson_righthand": {
			"rotation": [140, -96, 116],
			"translation": [5.75, 1.75, 2],
			"scale": [2, 2, 1]
		},
		"firstperson_lefthand": {
			"rotation": [-96, 108, 116],
			"translation": [5.75, 1.75, 2],
			"scale": [2, 2, 1]
		},
		"ground": {
			"rotation": [0, 0, -45],
			"translation": [0, 5.25, 0],
			"scale": [1, 1, 0.8]
		},
		"gui": {
			"rotation": [0, 0, -46],
			"scale": [1.4, 1.4, 1.4]
		},
		"head": {
			"rotation": [0, 0, 90],
			"translation": [0, 5.25, -6.75]
		},
		"fixed": {
			"rotation": [0, 0, -135],
			"scale": [1.5, 1.5, 1.5]
		}
	}
}