{
	"credit": "Made with Blockbench",
	"parent": "item/handheld",
	"textures": {
		"layer0": "projectiles/daybreak_projectile"
	},
	"display": {
		"thirdperson_righthand": {
			"rotation": [-18.25, 90, 18],
			"translation": [0, -12, 5],
			"scale": [4, 4, 2]
		},
		"thirdperson_lefthand": {
			"rotation": [-18.25, 90, 18],
			"translation": [0, -12, 5],
			"scale": [4, 4, 2]
		},
		"firstperson_righthand": {
			"rotation": [0, 90, 14],
			"translation": [1.13, 3.2, 1.13],
			"scale": [2, 2, 2]
		},
		"firstperson_lefthand": {
			"rotation": [0, 90, 14],
			"translation": [1.13, 3.2, 1.13],
			"scale": [2, 2, 2]
		},
		"ground": {
			"translation": [0, 2.5, 0],
			"scale": [0.88, 0.88, 0.88]
		},
		"gui": {
			"rotation": [0, 0, -45],
			"scale": [2, 2, 2]
		},
		"head": {
			"rotation": [-90, -180, 45],
			"translation": [0, 6.5, 1.25]
		},
		"fixed": {
			"rotation": [0, -180, -45],
			"translation": [0, 0, -1],
			"scale": [2, 2, 2]
		}
	}
}