{
	"credit": "Made with Blockbench",
	"parent": "item/handheld",
	"textures": {
		"layer0": "projectiles/death_sickle_projectile"
	},
	"display": {
		"thirdperson_righthand": {
			"rotation": [-20, 90, 64],
			"translation": [0, -2, 4],
			"scale": [3.6, 3.6, 3.6]
		},
		"thirdperson_lefthand": {
			"rotation": [-20, -90, -64],
			"translation": [0, -2, 4],
			"scale": [3.6, 3.6, 3.6]
		},
		"firstperson_righthand": {
			"rotation": [0, 90, 55],
			"translation": [1.13, 3.2, 1.13],
			"scale": [1.3, 1.3, 1.3]
		},
		"firstperson_lefthand": {
			"rotation": [0, -90, -55],
			"translation": [1.13, 3.2, 1.13],
			"scale": [1.3, 1.3, 1.3]
		},
		"ground": {
			"translation": [0, 2.5, 0],
			"scale": [0.88, 0.88, 0.88]
		},
		"gui": {
			"scale": [1.4, 1.4, 1.4]
		},
		"head": {
			"rotation": [-90, -180, 45],
			"translation": [0, 6.5, 1.25]
		},
		"fixed": {
			"rotation": [0, -180, 0],
			"translation": [0, 0, -1],
			"scale": [1.3, 1.3, 1.3]
		}
	}
}