{
	"credit": "Made with Blockbench",
	"parent": "item/generated",
	"textures": {
		"layer0": "crossbows/celebration_2"
	},
	"display": {
		"thirdperson_righthand": {
			"rotation": [-90, 90, 90],
			"translation": [0.25, 0.75, -0.5],
			"scale": [2.3, 2.3, 2.3]
		},
		"thirdperson_lefthand": {
			"rotation": [90, -90, 90],
			"translation": [0.25, 0.75, -0.5],
			"scale": [2.3, 2.3, 2.3]
		},
		"firstperson_righthand": {
			"rotation": [123, 90, -116],
			"translation": [-1, 4.5, 1.75],
			"scale": [1.3, 1.3, 1.3]
		},
		"firstperson_lefthand": {
			"rotation": [-123, -90, -132],
			"translation": [-1, 4.5, 1.25],
			"scale": [1.3, 1.3, 1.3]
		},
		"ground": {
			"scale": [1.2, 1.2, 1.2]
		},
		"gui": {
			"scale": [1.8, 1.8, 1.8]
		},
		"head": {
			"rotation": [0, 90, 13],
			"translation": [0.75, 7.75, 0],
			"scale": [1.7, 1.7, 1.7]
		},
		"fixed": {
			"scale": [1.8, 1.8, 1.8]
		}
	}
}