{
	"credit": "Made with Blockbench",
	"parent": "item/handheld",
	"textures": {
		"layer0": "sickles/ice_sickle"
	},
	"display": {
		"thirdperson_righthand": {
			"rotation": [-18.25, 90, 55],
			"translation": [0, 5, 0.5],
			"scale": [1.3, 1.3, 1.3]
		},
		"thirdperson_lefthand": {
			"rotation": [-18.25, -90, -55],
			"translation": [0, 5, 0.5],
			"scale": [1.3, 1.3, 1.3]
		},
		"firstperson_righthand": {
			"rotation": [0, 90, 55],
			"translation": [1.13, 3.2, 1.13],
			"scale": [1.2, 1.2, 0.6]
		},
		"firstperson_lefthand": {
			"rotation": [0, -90, -55],
			"translation": [1.13, 3.2, 1.13],
			"scale": [1.2, 1.2, 0.6]
		},
		"ground": {
			"translation": [0, 2.5, 0],
			"scale": [0.88, 0.88, 0.88]
		},
		"gui": {
			"scale": [1.2, 1.2, 1.2]
		},
		"head": {
			"rotation": [62.75, 90, 0],
			"translation": [7.25, -3, -2.5],
			"scale": [0.5, 0.5, 0.5]
		},
		"fixed": {
			"rotation": [0, -180, 0],
			"translation": [0, 0, -1],
			"scale": [1.3, 1.3, 1.3]
		}
	}
}