{
	"credit": "Made with Blockbench",
	"parent": "item/handheld",
	"textures": {
		"layer0": "sickles/nanoblack_reaper"
	},
	"display": {
		"thirdperson_righthand": {
			"rotation": [51.25, -90, 55],
			"translation": [0, 2.75, 8.25],
			"scale": [3, 3, 1.5]
		},
		"thirdperson_lefthand": {
			"rotation": [-18.25, -90, -55],
			"translation": [0, 3.5, 1.5],
			"scale": [3, 3, 1.5]
		},
		"firstperson_righthand": {
			"rotation": [-84.75, 162.5, 126.25],
			"translation": [1.13, 3.2, 1.13],
			"scale": [3, 3, 1.5]
		},
		"firstperson_lefthand": {
			"rotation": [95.2, -162.5, 53.7],
			"translation": [1.13, 3.2, 1.13],
			"scale": [3, 3, 1.5]
		},
		"ground": {
			"translation": [0, 2.5, 0],
			"scale": [1.4, 1.4, 1]
		},
		"gui": {
			"translation": [0.25, 0, 0],
			"scale": [1.6, 1.6, 1.6]
		},
		"head": {
			"rotation": [62.75, 90, 0],
			"translation": [7.25, -3, -2.25]
		},
		"fixed": {
			"rotation": [0, -180, 0],
			"translation": [0, 0, -1],
			"scale": [1.8, 1.8, 1.8]
		}
	}
}