{"stats":{"minecraft:used":{"minecraft:redstone_torch":18,"minecraft:sticky_piston":33,"minecraft:lever":19,"minecraft:green_concrete":1,"minecraft:honey_block":38,"minecraft:orange_concrete":6,"minecraft:flint_and_steel":1,"minecraft:quartz_slab":2,"minecraft:light_gray_concrete":4,"minecraft:iron_block":343,"minecraft:red_concrete":8,"minecraft:redstone":133,"minecraft:slime_block":58,"minecraft:map":47,"minecraft:stone_button":7,"minecraft:white_glazed_terracotta":27,"minecraft:chest":14,"minecraft:redstone_block":41,"minecraft:item_frame":85,"minecraft:tripwire_hook":2,"minecraft:purple_concrete":14,"minecraft:repeater":1,"minecraft:redstone_lamp":47,"minecraft:lime_concrete":2,"minecraft:crafting_table":1,"minecraft:hopper":6,"minecraft:birch_sign":1,"minecraft:yellow_concrete":7,"minecraft:gray_concrete":3,"minecraft:white_concrete":3,"minecraft:blue_concrete":3,"minecraft:obsidian":25},"minecraft:crafted":{"minecraft:filled_map":5},"minecraft:picked_up":{"minecraft:filled_map":129,"minecraft:map":5,"minecraft:item_frame":3},"minecraft:custom":{"minecraft:time_since_rest":488060,"minecraft:sprint_one_cm":1751,"minecraft:walk_one_cm":14440,"minecraft:drop":20,"minecraft:interact_with_crafting_table":6,"minecraft:tune_noteblock":116,"minecraft:fly_one_cm":6991530,"minecraft:open_chest":23,"minecraft:play_one_minute":149451,"minecraft:crouch_one_cm":376,"minecraft:deaths":1,"minecraft:sneak_time":11551,"minecraft:jump":71,"minecraft:leave_game":23,"minecraft:time_since_death":488035},"minecraft:dropped":{"minecraft:filled_map":5,"minecraft:iron_block":1,"minecraft:red_concrete":1,"minecraft:gray_concrete":1,"minecraft:wooden_axe":1,"minecraft:crafting_table":1,"minecraft:chest":1,"minecraft:obsidian":1,"minecraft:orange_concrete":1,"minecraft:birch_sign":1,"minecraft:purple_concrete":2,"minecraft:light_gray_concrete":1,"minecraft:paper":24,"minecraft:flint_and_steel":1,"minecraft:stick":2,"minecraft:item_frame":1}},"DataVersion":2586}