{"stats":{"minecraft:custom":{"minecraft:time_since_rest":8810,"minecraft:open_chest":1,"minecraft:play_one_minute":8810,"minecraft:crouch_one_cm":197,"minecraft:sprint_one_cm":2756,"minecraft:walk_one_cm":19550,"minecraft:sneak_time":174,"minecraft:jump":60,"minecraft:leave_game":4,"minecraft:time_since_death":8810,"minecraft:fly_one_cm":72467},"minecraft:used":{"minecraft:rose_bush":4,"minecraft:oak_slab":1,"minecraft:crafting_table":1,"minecraft:red_bed":1,"minecraft:lantern":2,"minecraft:grass_block":9,"minecraft:oak_planks":33,"minecraft:allium":2,"minecraft:azure_bluet":1,"minecraft:iron_door":3,"minecraft:dark_oak_door":5,"minecraft:structure_block":2},"minecraft:picked_up":{"minecraft:dark_oak_door":2,"minecraft:iron_door":1,"minecraft:wheat_seeds":1,"minecraft:torch":1}},"DataVersion":2586}