{"stats":{"minecraft:picked_up":{"minecraft:repeater":257,"minecraft:structure_block":7,"minecraft:leather":2,"minecraft:lead":2,"minecraft:polished_blackstone_button":2,"minecraft:redstone_torch":18,"minecraft:redstone":79},"minecraft:custom":{"minecraft:time_since_rest":348688,"minecraft:crouch_one_cm":29,"minecraft:play_one_minute":348688,"minecraft:sprint_one_cm":9752,"minecraft:walk_one_cm":671349,"minecraft:sneak_time":933,"minecraft:mob_kills":3,"minecraft:drop":8,"minecraft:jump":1344,"minecraft:damage_dealt":1253,"minecraft:leave_game":36,"minecraft:time_since_death":348688,"minecraft:fly_one_cm":1993324},"minecraft:killed":{"minecraft:trader_llama":2,"minecraft:wandering_trader":1},"minecraft:used":{"minecraft:redstone_torch":13,"minecraft:yellow_wool":11,"minecraft:purple_stained_glass":14,"minecraft:diamond_sword":34,"minecraft:repeater":33,"minecraft:command_block":106,"minecraft:grass_block":569,"minecraft:redstone":531,"minecraft:polished_blackstone_button":40,"minecraft:structure_void":6,"minecraft:purple_wool":22,"minecraft:structure_block":600},"minecraft:dropped":{"minecraft:structure_block":7,"minecraft:redstone":1}},"DataVersion":2580}