{"stats":{"minecraft:used":{"minecraft:structure_block":975,"minecraft:redstone_torch":76,"minecraft:lever":25,"minecraft:repeater":64,"minecraft:command_block":185,"minecraft:grass_block":149,"minecraft:redstone":765,"minecraft:stone_button":8},"minecraft:picked_up":{"minecraft:structure_block":5,"minecraft:redstone_torch":1,"minecraft:stone_button":2,"minecraft:redstone":9},"minecraft:custom":{"minecraft:time_since_rest":467183,"minecraft:crouch_one_cm":783,"minecraft:play_one_minute":469464,"minecraft:deaths":1,"minecraft:sprint_one_cm":17308,"minecraft:damage_taken":280,"minecraft:walk_one_cm":1006285,"minecraft:sneak_time":2393,"minecraft:drop":9,"minecraft:jump":1046,"minecraft:damage_dealt":40,"minecraft:leave_game":24,"minecraft:time_since_death":467152,"minecraft:talked_to_villager":11,"minecraft:fly_one_cm":3484313},"minecraft:dropped":{"minecraft:structure_block":5,"minecraft:redstone":4}},"DataVersion":2580}