
{
    "creatio.teleport": {
    "sounds": [
      "creatio/teleport"
      ]
    },
    "creatio.pulse": {
      "sounds": [
        "creatio/pulse"
        ]
    },
    "creatio.blade_1": {
      "sounds": [
        "creatio/blade_1"
        ]
    },
    "creatio.blade_2": {
      "sounds": [
        "creatio/blade_2"
        ]
    },
    "creatio.blade_3": {
      "sounds": [
        "creatio/blade_3"
        ]
    },
    "creatio.hit_1": {
      "sounds": [
        "creatio/hit_1"
        ]
    },
    "creatio.hit_2": {
      "sounds": [
        "creatio/hit_2"
        ]
    },
    "creatio.max_mana": {
      "sounds": [
        "creatio/max_mana"
        ]
    },
    "creatio.starfall": {
      "sounds": [
        "creatio/starfall"
        ]
    },
    "creatio.roar": {
      "sounds": [
        "creatio/roar"
        ]
    },
    "creatio.skeleton_death": {
      "sounds": [
        "creatio/skeleton_death"
        ]
    },
    "creatio.ice_shoot": {
      "sounds": [
        "creatio/ice_shoot"
        ]
    },
    "creatio.ice_crush": {
      "sounds": [
        "creatio/ice_crush"
        ]
    },
    "creatio.killed_1": {
      "sounds": [
        "creatio/killed_1"
        ]
    },
    "creatio.roar_1": {
      "sounds": [
        "creatio/roar_1"
        ]
    },
    "creatio.sickle": {
      "sounds": [
        "creatio/sickle"
        ]
    },
    "creatio.bow_shoot": {
      "sounds": [
        "creatio/bow_shoot"
        ]
    },
    "creatio.calamity.crystal_crusher_charging": {
      "sounds": [
        "calamity/crystal_crusher_charging"
        ]
    },
    "creatio.calamity.crystal_crusher_shoot": {
      "sounds": [
        "calamity/crystal_crusher_shoot"
        ]
    },
    "creatio.light_saber": {
      "sounds": [
        "creatio/light_saber"
        ]
    }
}