{
	"credit": "Made with Blockbench",
	"parent": "item/generated",
	"textures": {
		"layer0": "tools/crystal_crusher"
	},
	"display": {
		"thirdperson_righthand": {
			"rotation": [0, 90, 35],
			"translation": [0, 8, 0.5],
			"scale": [3, 3, 1.6]
		},
		"thirdperson_lefthand": {
			"rotation": [0, -90, -35],
			"translation": [0, 8, 0.5],
			"scale": [3, 3, 1.6]
		},
		"firstperson_righthand": {
			"rotation": [0, 90, 64],
			"translation": [1.13, 3.2, 1.13],
			"scale": [2, 2, 1]
		},
		"firstperson_lefthand": {
			"rotation": [0, -90, -64],
			"translation": [1.13, 3.2, 1.13],
			"scale": [2, 2, 1]
		},
		"ground": {
			"translation": [0, 2.5, 0]
		},
		"gui": {
			"scale": [2, 2, 2]
		},
		"head": {
			"rotation": [-22, 0, 45],
			"translation": [0.5, 2.25, -6],
			"scale": [1.5, 1.5, 1]
		},
		"fixed": {
			"rotation": [0, -180, 0],
			"translation": [0, 0, -1],
			"scale": [2, 2, 2]
		}
	}
}