{"stats":{"minecraft:used":{"minecraft:structure_block":376,"minecraft:redstone_torch":11,"minecraft:oak_fence":2,"minecraft:lever":46,"minecraft:diamond_sword":7,"minecraft:repeater":113,"minecraft:command_block":166,"minecraft:grass_block":38,"minecraft:redstone":466,"minecraft:polished_blackstone_button":18,"minecraft:stone":8,"minecraft:splash_potion":25,"minecraft:purple_wool":41},"minecraft:killed":{"minecraft:trader_llama":2,"minecraft:wandering_trader":2},"minecraft:picked_up":{"minecraft:repeater":13,"minecraft:command_block":3,"minecraft:structure_block":4,"minecraft:leather":1,"minecraft:lead":4,"minecraft:polished_blackstone_button":2,"minecraft:redstone_torch":9,"minecraft:redstone":9},"minecraft:custom":{"minecraft:time_since_rest":334166,"minecraft:crouch_one_cm":31,"minecraft:play_one_minute":334166,"minecraft:sprint_one_cm":17788,"minecraft:walk_one_cm":720295,"minecraft:sneak_time":569,"minecraft:mob_kills":4,"minecraft:drop":12,"minecraft:jump":2451,"minecraft:damage_dealt":209,"minecraft:leave_game":19,"minecraft:time_since_death":334166,"minecraft:talked_to_villager":2,"minecraft:fly_one_cm":2878781},"minecraft:dropped":{"minecraft:structure_block":4,"minecraft:command_block":3,"minecraft:redstone":5}},"DataVersion":2580}