{
	"credit": "Made with Blockbench",
	"parent": "item/handheld",
	"textures": {
		"layer0": "swords/ark_of_the_cosmos"
	},
	"display": {
		"thirdperson_righthand": {
			"rotation": [-18.25, 90, 55],
			"translation": [0, 17.5, -0.5],
			"scale": [2.5, 2.5, 1.25]
		},
		"thirdperson_lefthand": {
			"rotation": [-18.25, -90, -55],
			"translation": [0, 17.5, -0.5],
			"scale": [2.5, 2.5, 1.25]
		},
		"firstperson_righthand": {
			"rotation": [0, 90, 55],
			"translation": [2.63, 3.2, 1.13],
			"scale": [2, 2, 1]
		},
		"firstperson_lefthand": {
			"rotation": [0, -90, -55],
			"translation": [2.63, 3.2, 1.13],
			"scale": [2, 2, 1]
		},
		"ground": {
			"translation": [0, 2.5, 0],
			"scale": [0.88, 0.88, 0.44]
		},
		"gui": {
			"scale": [1.4, 1.4, 1.4]
		},
		"head": {
			"rotation": [0, -180, 45],
			"translation": [0, -12, 9.5],
			"scale": [3, 3, 3]
		},
		"fixed": {
			"rotation": [0, -180, 0],
			"translation": [0, 0, -1],
			"scale": [1.3, 1.3, 1.3]
		}
	}
}