{
	"credit": "Made with Blockbench",
	"parent": "item/handheld",
	"textures": {
		"layer0": "swords/enchanted_sword"
	},
	"display": {
		"thirdperson_righthand": {
			"rotation": [-18.25, 90, 55],
			"translation": [0, 6, 0.5],
			"scale": [1.5, 1.5, 0.75]
		},
		"thirdperson_lefthand": {
			"rotation": [-18.25, -90, -55],
			"translation": [0, 6, 0.5],
			"scale": [1.5, 1.5, 0.75]
		},
		"firstperson_righthand": {
			"rotation": [0, 90, 55],
			"translation": [1.13, 3.2, 1.13],
			"scale": [1.5, 1.5, 0.75]
		},
		"firstperson_lefthand": {
			"rotation": [0, -90, -55],
			"translation": [1.13, 3.2, 1.13],
			"scale": [1.5, 1.5, 0.75]
		},
		"ground": {
			"translation": [0, 2.5, 0]
		},
		"gui": {
			"translation": [0.25, -0.75, 0],
			"scale": [1.8, 1.8, 1.8]
		},
		"head": {
			"translation": [0, 11, 3.5]
		},
		"fixed": {
			"rotation": [0, -180, 0],
			"translation": [0, 0, -1],
			"scale": [1.5, 1.5, 1.5]
		}
	}
}