{
	"credit": "Made with Blockbench",
	"parent": "item/handheld",
	"textures": {
		"layer0": "swords/frostbrand"
	},
	"display": {
		"thirdperson_righthand": {
			"rotation": [0, 90, 42],
			"translation": [0, 6.5, 1.5],
			"scale": [1.3, 1.3, 0.65]
		},
		"thirdperson_lefthand": {
			"rotation": [0, -90, -42],
			"translation": [0, 6.5, 1.5],
			"scale": [1.3, 1.3, 0.65]
		},
		"firstperson_righthand": {
			"rotation": [0, 90, 55],
			"translation": [1.13, 3.2, 1.13],
			"scale": [1, 1, 0.5]
		},
		"firstperson_lefthand": {
			"rotation": [0, -90, -55],
			"translation": [1.13, 3.2, 1.13],
			"scale": [1, 1, 0.5]
		},
		"ground": {
			"translation": [0, 2.5, 0],
			"scale": [0.68, 0.68, 0.68]
		},
		"gui": {
			"scale": [1.3, 1.3, 1.3]
		},
		"head": {
			"rotation": [0, 0, 45],
			"translation": [0, 13, 6.75]
		},
		"fixed": {
			"rotation": [0, -180, 0],
			"translation": [0, 0, -1],
			"scale": [1.2, 1.2, 1.2]
		}
	}
}