{
	"credit": "Made with Blockbench",
	"parent": "item/handheld",
	"textures": {
		"layer0": "swords/murasama"
	},
	"display": {
		"thirdperson_righthand": {
			"rotation": [-8, 90, 25],
			"translation": [0, 15.75, 1.5],
			"scale": [3, 3, 1]
		},
		"thirdperson_lefthand": {
			"rotation": [-8, -90, -25],
			"translation": [0, 15.75, 1.5],
			"scale": [3, 3, 1]
		},
		"firstperson_righthand": {
			"rotation": [0, 90, 30],
			"translation": [5.38, 8.95, 0.13],
			"scale": [2, 2, 0.88]
		},
		"firstperson_lefthand": {
			"rotation": [0, -90, -30],
			"translation": [5.38, 8.95, 0.13],
			"scale": [2, 2, 0.88]
		},
		"ground": {
			"translation": [0, 2.5, 0],
			"scale": [0.88, 0.88, 0.68]
		},
		"gui": {
			"scale": [1.3, 1.3, 1.3]
		},
		"head": {
			"rotation": [0, 0, 45],
			"translation": [0, 13, 6.75]
		},
		"fixed": {
			"rotation": [0, -180, 0],
			"translation": [0, 0, -1],
			"scale": [1.2, 1.2, 1.2]
		}
	}
}