{
	"credit": "Made with Blockbench",
	"parent": "item/handheld",
	"textures": {
		"layer0": "swords/terra_blade"
	},
	"display": {
		"thirdperson_righthand": {
			"rotation": [-18.25, 90, 55],
			"translation": [0, 8.75, 1.5],
			"scale": [1.5, 1.5, 1]
		},
		"thirdperson_lefthand": {
			"rotation": [-18.25, -90, -55],
			"translation": [0, 8.75, 1.5],
			"scale": [1.5, 1.5, 1]
		},
		"firstperson_righthand": {
			"rotation": [0, 90, 55],
			"translation": [1.13, 3.2, 1.13],
			"scale": [1, 1, 0.5]
		},
		"firstperson_lefthand": {
			"rotation": [0, -90, -55],
			"translation": [1.13, 3.2, 1.13],
			"scale": [1, 1, 0.5]
		},
		"ground": {
			"translation": [0, 2.5, 0],
			"scale": [0.88, 0.88, 0.88]
		},
		"gui": {
			"scale": [1.2, 1.2, 1.2]
		},
		"head": {
			"rotation": [-146.25, 90, 45],
			"translation": [0, 11, 3.5]
		},
		"fixed": {
			"rotation": [0, -180, 0],
			"translation": [0, 0, -1],
			"scale": [1.3, 1.3, 1.3]
		}
	}
}