{
	"credit": "Made with Blockbench",
	"parent": "item/handheld",
	"textures": {
		"layer0": "swords/true_night's_edge"
	},
	"display": {
		"thirdperson_righthand": {
			"rotation": [0, 90, 37],
			"translation": [0, 6.25, 1.5]
		},
		"thirdperson_lefthand": {
			"rotation": [0, -90, -37],
			"translation": [0, 6.25, 1.5]
		},
		"firstperson_righthand": {
			"rotation": [0, 90, 67],
			"translation": [1.13, 3.2, 1.13],
			"scale": [0.88, 0.88, 0.88]
		},
		"firstperson_lefthand": {
			"rotation": [0, -90, -67],
			"translation": [1.13, 3.2, 1.13],
			"scale": [0.88, 0.88, 0.88]
		},
		"ground": {
			"translation": [0, 2.5, 0],
			"scale": [0.68, 0.68, 0.68]
		},
		"gui": {
			"scale": [1.3, 1.3, 1.3]
		},
		"head": {
			"rotation": [0, 0, 45],
			"translation": [0, 13, 6.75]
		},
		"fixed": {
			"rotation": [0, -180, 0],
			"translation": [0, 0, -1],
			"scale": [1.2, 1.2, 1.2]
		}
	}
}