{
	"credit": "Made with Blockbench",
	"parent": "item/handheld",
	"textures": {
		"layer0": "spears/daybreak"
	},
	"display": {
		"thirdperson_righthand": {
			"rotation": [-18.25, 90, 55],
			"translation": [0, 5.75, 0.5],
			"scale": [2, 2, 1]
		},
		"thirdperson_lefthand": {
			"rotation": [-18.25, -90, -55],
			"translation": [0, 5.75, 0.5],
			"scale": [2, 2, 1]
		},
		"firstperson_righthand": {
			"rotation": [59, 82, -86],
			"translation": [3.63, 3.2, -2],
			"scale": [1.5, 1.5, 0.75]
		},
		"firstperson_lefthand": {
			"rotation": [59, -82, 86],
			"translation": [3.63, 3.2, -2],
			"scale": [1.5, 1.5, 0.75]
		},
		"ground": {
			"translation": [0, 2.5, 0],
			"scale": [0.88, 0.88, 0.88]
		},
		"gui": {
			"scale": [1.3, 1.3, 1.3]
		},
		"head": {
			"rotation": [-172, -180, 45],
			"translation": [0, 6.5, -6.5],
			"scale": [0.7, 0.7, 0.7]
		},
		"fixed": {
			"rotation": [0, -180, 0],
			"translation": [0, 0, -1],
			"scale": [1.3, 1.3, 1.3]
		}
	}
}