{
	"parent": "item/generated",
	"textures": {
		"layer0": "item/bow"
	},
	"display": {
        "thirdperson_righthand": {
            "rotation": [ -80, 260, -40 ],
            "translation": [ -1, -2, 2.5 ],
            "scale": [ 0.9, 0.9, 0.9 ]
        },
        "thirdperson_lefthand": {
            "rotation": [ -80, -280, 40 ],
            "translation": [ -1, -2, 2.5 ],
            "scale": [ 0.9, 0.9, 0.9 ]
        },
        "firstperson_righthand": {
            "rotation": [ 0, -90, 25 ],
            "translation": [ 1.13, 3.2, 1.13],
            "scale": [ 0.68, 0.68, 0.68 ]
        },
        "firstperson_lefthand": {
            "rotation": [ 0, 90, -25 ],
            "translation": [ 1.13, 3.2, 1.13],
            "scale": [ 0.68, 0.68, 0.68 ]
        }
    },
	"overrides": [
		{ "predicate": { "pulling": 1}, "model": "item/bow_pulling_0" },
		{ "predicate": { "pulling": 1, "pull": 0.65}, "model": "item/bow_pulling_1" },
		{ "predicate": { "pulling": 1, "pull": 0.9}, "model": "item/bow_pulling_2" },

		{ "predicate": { "custom_model_data": 100}, "model": "item/bows/pulse_bow" },
		{ "predicate": { "custom_model_data": 100, "pulling": 1}, "model": "item/bows/pulse_bow_0" },
		{ "predicate": { "custom_model_data": 100, "pulling": 1, "pull": 0.65}, "model": "item/bows/pulse_bow_1" },
		{ "predicate": { "custom_model_data": 100, "pulling": 1, "pull": 0.9}, "model": "item/bows/pulse_bow_2" },

		{ "predicate": { "custom_model_data": 101}, "model": "item/bows/daedalus_stormbow" },
		{ "predicate": { "custom_model_data": 101, "pulling": 1}, "model": "item/bows/daedalus_stormbow_0" },
		{ "predicate": { "custom_model_data": 101, "pulling": 1, "pull": 0.65}, "model": "item/bows/daedalus_stormbow_1" },
		{ "predicate": { "custom_model_data": 101, "pulling": 1, "pull": 0.9}, "model": "item/bows/daedalus_stormbow_2" },

		{ "predicate": { "custom_model_data": 102}, "model": "item/bows/phantasm" },
		{ "predicate": { "custom_model_data": 102, "pulling": 1}, "model": "item/bows/phantasm_0" },
		{ "predicate": { "custom_model_data": 102, "pulling": 1, "pull": 0.65}, "model": "item/bows/phantasm_1" },
		{ "predicate": { "custom_model_data": 102, "pulling": 1, "pull": 0.9}, "model": "item/bows/phantasm_2" },

		{"predicate": { "custom_model_data": 103},"model": "item/bows/drataliornus"},
		{ "predicate": { "custom_model_data": 103, "pulling": 1}, "model": "item/bows/drataliornus" },
		{ "predicate": { "custom_model_data": 103, "pulling": 1, "pull": 0.65}, "model": "item/bows/drataliornus" },
		{ "predicate": { "custom_model_data": 103, "pulling": 1, "pull": 0.9}, "model": "item/bows/drataliornus" }


	]
}
