{
	"parent": "item/generated",
	"textures": {
		"layer0": "item/crossbow_standby"
	},
	"display": {
        "thirdperson_righthand": {
            "rotation": [ -90, 0, -60 ],
            "translation": [ 2, 0.1, -3 ],
            "scale": [ 0.9, 0.9, 0.9 ]
        },
        "thirdperson_lefthand": {
            "rotation": [ -90, 0, 30 ],
            "translation": [ 2, 0.1, -3 ],
            "scale": [ 0.9, 0.9, 0.9 ]
        },
        "firstperson_righthand": {
            "rotation": [ -90, 0, -55 ],
            "translation": [ 1.13, 3.2, 1.13],
            "scale": [ 0.68, 0.68, 0.68 ]
        },
        "firstperson_lefthand": {
            "rotation": [ -90, 0, 35 ],
            "translation": [ 1.13, 3.2, 1.13],
            "scale": [ 0.68, 0.68, 0.68 ]
        }
    },
	"overrides": [
		{"predicate": { "pulling": 1}, "model": "item/crossbow_pulling_0"},
        {"predicate": { "pulling": 1, "pull": 0.58}, "model": "item/crossbow_pulling_1"},
        {"predicate": { "pulling": 1, "pull": 1.0}, "model": "item/crossbow_pulling_2"},
        {"predicate": { "charged": 1}, "model": "item/crossbow_arrow"},
		{"predicate": { "charged": 1, "firework": 1}, "model": "item/crossbow_firework"},

        {"predicate": { "custom_model_data": 103},"model": "item/bows/drataliornus"},
		{"predicate": { "custom_model_data": 103, "pulling": 1},"model": "item/bows/drataliornus"},
        {"predicate": { "custom_model_data": 103, "pulling": 1,"pull": 0.58},"model": "item/bows/drataliornus"},
        {"predicate": { "custom_model_data": 103, "pulling": 1,"pull": 1.0},"model": "item/bows/drataliornus"},
        {"predicate": { "custom_model_data": 103, "charged": 1},"model": "item/bows/drataliornus"},
        {"predicate": { "custom_model_data": 103, "charged": 1,"firework": 1},"model": "item/bows/drataliornus"},

		{"predicate": { "custom_model_data": 150},"model": "item/crossbows/cobalt_repeater"},
		{"predicate": { "custom_model_data": 150, "pulling": 1},"model": "item/crossbows/cobalt_repeater_pulling_0"},
        {"predicate": { "custom_model_data": 150, "pulling": 1,"pull": 0.58},"model": "item/crossbows/cobalt_repeater_pulling_1"},
        {"predicate": { "custom_model_data": 150, "pulling": 1,"pull": 1.0},"model": "item/crossbows/cobalt_repeater_pulling_2"},
        {"predicate": { "custom_model_data": 150, "charged": 1},"model": "item/crossbows/cobalt_repeater_arrow"},
		{"predicate": { "custom_model_data": 150, "charged": 1,"firework": 1},"model": "item/crossbows/cobalt_repeater_firework"},
		
		{"predicate": { "custom_model_data": 151},"model": "item/crossbows/mythril_repeater"},
		{"predicate": { "custom_model_data": 151, "pulling": 1},"model": "item/crossbows/mythril_repeater_pulling_0"},
        {"predicate": { "custom_model_data": 151, "pulling": 1,"pull": 0.58},"model": "item/crossbows/mythril_repeater_pulling_1"},
        {"predicate": { "custom_model_data": 151, "pulling": 1,"pull": 1.0},"model": "item/crossbows/mythril_repeater_pulling_2"},
        {"predicate": { "custom_model_data": 151, "charged": 1},"model": "item/crossbows/mythril_repeater_arrow"},
		{"predicate": { "custom_model_data": 151, "charged": 1,"firework": 1},"model": "item/crossbows/mythril_repeater_firework"},

		{"predicate": { "custom_model_data": 152},"model": "item/crossbows/titanium_repeater"},
		{"predicate": { "custom_model_data": 152, "pulling": 1},"model": "item/crossbows/titanium_repeater_pulling_0"},
        {"predicate": { "custom_model_data": 152, "pulling": 1,"pull": 0.58},"model": "item/crossbows/titanium_repeater_pulling_1"},
        {"predicate": { "custom_model_data": 152, "pulling": 1,"pull": 1.0},"model": "item/crossbows/titanium_repeater_pulling_2"},
        {"predicate": { "custom_model_data": 152, "charged": 1},"model": "item/crossbows/titanium_repeater_arrow"},
		{"predicate": { "custom_model_data": 152, "charged": 1,"firework": 1},"model": "item/crossbows/titanium_repeater_firework"},

		{"predicate": { "custom_model_data": 153},"model": "item/crossbows/hallowed_repeater"},
		{"predicate": { "custom_model_data": 153, "pulling": 1},"model": "item/crossbows/hallowed_repeater_pulling_0"},
        {"predicate": { "custom_model_data": 153, "pulling": 1,"pull": 0.58},"model": "item/crossbows/hallowed_repeater_pulling_1"},
        {"predicate": { "custom_model_data": 153, "pulling": 1,"pull": 1.0},"model": "item/crossbows/hallowed_repeater_pulling_2"},
        {"predicate": { "custom_model_data": 153, "charged": 1},"model": "item/crossbows/hallowed_repeater_arrow"},
        {"predicate": { "custom_model_data": 153, "charged": 1,"firework": 1},"model": "item/crossbows/hallowed_repeater_firework"}

        
        
	]
}
