{
    "parent": "item/generated",
    "textures": {
        "layer0": "item/honey_bottle"
    },
    "overrides": [
        {"predicate": { "custom_model_data": 200}, "model": "item/potions/recall_potion"},
        {"predicate": { "custom_model_data": 201}, "model": "item/potions/return_potion"},
        {"predicate": { "custom_model_data": 202}, "model": "item/potions/mining_potion"},
        {"predicate": { "custom_model_data": 203}, "model": "item/potions/greater_mining_potion"},
        {"predicate": { "custom_model_data": 204}, "model": "item/potions/lesser_healing_potion"},
        {"predicate": { "custom_model_data": 205}, "model": "item/potions/healing_potion"},
        {"predicate": { "custom_model_data": 206}, "model": "item/potions/calming_potion"},
        {"predicate": { "custom_model_data": 207}, "model": "item/potions/crate_potion"},
        {"predicate": { "custom_model_data": 208}, "model": "item/potions/endurance_potion"},
        {"predicate": { "custom_model_data": 209}, "model": "item/potions/lesser_luck_potion"},
        {"predicate": { "custom_model_data": 210}, "model": "item/potions/luck_potion"},
        {"predicate": { "custom_model_data": 211}, "model": "item/potions/greater_luck_potion"},
        {"predicate": { "custom_model_data": 212}, "model": "item/potions/inferno_potion"},
        {"predicate": { "custom_model_data": 213}, "model": "item/potions/ironskin_potion"},
        {"predicate": { "custom_model_data": 214}, "model": "item/potions/lifeforce_potion"},
        {"predicate": { "custom_model_data": 215}, "model": "item/potions/red_potion"},
        {"predicate": { "custom_model_data": 216}, "model": "item/potions/regeneration_potion"},
        {"predicate": { "custom_model_data": 217}, "model": "item/potions/swiftness_potion"},
        {"predicate": { "custom_model_data": 218}, "model": "item/potions/flask_of_cursed_flames"},
        {"predicate": { "custom_model_data": 219}, "model": "item/potions/flask_of_fire"},
        {"predicate": { "custom_model_data": 220}, "model": "item/potions/flask_of_ichor"},
        {"predicate": { "custom_model_data": 221}, "model": "item/potions/flask_of_venom"}
    ]
}
