{
	"parent": "item/handheld",
	"textures": {
		"layer0": "item/iron_sword"
	},
	"overrides": [
		{ "predicate": { "custom_model_data": 1}, "model": "item/swords/enchanted_sword" },
		{ "predicate": { "custom_model_data": 2}, "model": "item/swords/excalibur" },
		{ "predicate": { "custom_model_data": 3}, "model": "item/swords/terra_blade" },
		{ "predicate": { "custom_model_data": 4}, "model": "item/swords/beam_sword" },
		{ "predicate": { "custom_model_data": 5}, "model": "item/swords/true_excalibur" },
		{ "predicate": { "custom_model_data": 6}, "model": "item/swords/frostbrand" },
		{ "predicate": { "custom_model_data": 7}, "model": "item/swords/ice_blade" },
		{ "predicate": { "custom_model_data": 8}, "model": "item/swords/influx_waver" },
		{ "predicate": { "custom_model_data": 9}, "model": "item/swords/true_night's_edge" },
		{ "predicate": { "custom_model_data": 13}, "model": "item/swords/ark_of_the_cosmos" },
		{ "predicate": { "custom_model_data": 14}, "model": "item/swords/animus" },
		{ "predicate": { "custom_model_data": 15}, "model": "item/swords/murasama" }
	]
}
