{
  "parent": "minecraft:item/proper_hold",
  "textures": {
    "layer0": "minecraft:item/iron_ingot"
  },
  "overrides": [
      {"predicate": { "custom_model_data": 302}, "model": "item/items/copper_ingot"},
      {"predicate": { "custom_model_data": 303}, "model": "item/items/tin_ingot"},
      {"predicate": { "custom_model_data": 304}, "model": "item/items/lead_ingot"},
      {"predicate": { "custom_model_data": 305}, "model": "item/items/silver_ingot"},
      {"predicate": { "custom_model_data": 306}, "model": "item/items/tungsten_ingot"},
      {"predicate": { "custom_model_data": 307}, "model": "item/items/platinum_ingot"},
      {"predicate": { "custom_model_data": 308}, "model": "item/items/demonite_ingot"},
      {"predicate": { "custom_model_data": 309}, "model": "item/items/crimtane_ingot"},
      {"predicate": { "custom_model_data": 310}, "model": "item/items/meteorite_ingot"},
      {"predicate": { "custom_model_data": 311}, "model": "item/items/hellstone_ingot"},
      {"predicate": { "custom_model_data": 312}, "model": "item/items/dps_meter"},
      {"predicate": { "custom_model_data": 313}, "model": "item/items/stopwatch"}
    ]
}