{
  "parent": "minecraft:item/generated",
  "textures": {
    "layer0": "minecraft:item/paper"
  },
  "overrides": [
    { "predicate": { "custom_model_data": 15000}, "model": "item/debuff/frostburn" },
    { "predicate": { "custom_model_data": 15001}, "model": "item/debuff/cursed_inferno" },
    { "predicate": { "custom_model_data": 15002}, "model": "item/debuff/ichor" },
    { "predicate": { "custom_model_data": 15003}, "model": "item/debuff/brimstone" },
    { "predicate": { "custom_model_data": 15004}, "model": "item/debuff/venom" },
    { "predicate": { "custom_model_data": 15005}, "model": "item/debuff/frozen" },
    { "predicate": { "custom_model_data": 15006}, "model": "item/debuff/broken_armor" }
	]
}