{
  "parent": "minecraft:item/generated",
  "textures": {
    "layer0": "minecraft:item/snowball"
  },
  "overrides": [
    {"predicate": { "custom_model_data": 9000}, "model": "item/projectiles/hallow_star"},
    {"predicate": { "custom_model_data": 9001}, "model": "item/projectiles/enchanted_sword_beam"},
    {"predicate": { "custom_model_data": 9002}, "model": "item/projectiles/beam_sword_beam"},
    {"predicate": { "custom_model_data": 9003}, "model": "item/projectiles/terra_blade_beam"},
    {"predicate": { "custom_model_data": 9004}, "model": "item/projectiles/excalibur_beam"},
    {"predicate": { "custom_model_data": 9005}, "model": "item/projectiles/night's_edge_beam"},
    {"predicate": { "custom_model_data": 9006}, "model": "item/projectiles/ice_sickle_projectile"},
    {"predicate": { "custom_model_data": 9007}, "model": "item/projectiles/death_sickle_projectile"},
    {"predicate": { "custom_model_data": 9008}, "model": "item/projectiles/daybreak_projectile"},
    {"predicate": { "custom_model_data": 9009}, "model": "item/projectiles/energy_blade"},
    {"predicate": { "custom_model_data": 9010}, "model": "item/projectiles/nanoblack_reaper_projectile"},
    {"predicate": { "custom_model_data": 9011}, "model": "item/projectiles/drataliornus_arrow"},
    {"predicate": { "custom_model_data": 9012}, "model": "item/projectiles/ark_of_the_cosmos_projectile"},
    {"predicate": { "custom_model_data": 9013}, "model": "item/projectiles/ark_of_the_cosmos_star"}
  ]
}