{
	"parent": "item/handheld",
	"textures": {
		"layer0": "item/tipped_arrow_head",
        "layer1": "item/tipped_arrow_base"
	},
	"overrides": [
		{ "predicate": { "custom_model_data": 50}, "model": "item/arrows/unholy_arrow" },
		{ "predicate": { "custom_model_data": 51}, "model": "item/arrows/jesters_arrow" },
		{ "predicate": { "custom_model_data": 52}, "model": "item/arrows/hellfire_arrow" },
		{ "predicate": { "custom_model_data": 53}, "model": "item/arrows/cursed_arrow" },
		{ "predicate": { "custom_model_data": 54}, "model": "item/arrows/bone_arrow" },
		{ "predicate": { "custom_model_data": 55}, "model": "item/arrows/ichor_arrow" },
		{ "predicate": { "custom_model_data": 56}, "model": "item/arrows/holy_arrow" },
		{ "predicate": { "custom_model_data": 57}, "model": "item/arrows/frostburn_arrow" },
		{ "predicate": { "custom_model_data": 58}, "model": "item/arrows/bloodfire_arrow" },
		{ "predicate": { "custom_model_data": 59}, "model": "item/arrows/venom_arrow" }
	]
}
